sample	unit	fq1	fq2	readlen	desiree_layers	desiree_layers_geno	rp_layer_geno	rp_layers
D140	KFRAG_01583_AVT0014_lane1	Kirk_D140-1.fq.gz	Kirk_D140-2.fq.gz	short	FALSE	FALSE	TRUE	TRUE
D140	KFRAG_01583_AVT0014_lane2	Kirk_D140_lane2-1.fq.gz	Kirk_D140_lane2-2.fq.gz	short	FALSE	FALSE	TRUE	TRUE
D140	KFRAG_01583_AVT0019_lane1	D140-1.fq.gz	D140-2.fq.gz	short	FALSE	FALSE	TRUE	TRUE
D3	KFRAG_01581_AVT0014_lane1	Kirk_D3-1.fq.gz	Kirk_D3-2.fq.gz	short	FALSE	FALSE	TRUE	TRUE
D3	KFRAG_01581_AVT0014_lane2	Kirk_D3_lane2-1.fq.gz	Kirk_D3_lane2-2.fq.gz	short	FALSE	FALSE	TRUE	TRUE
D59	KFRAG_01582_AVT0014_lane1	Kirk_D59-1.fq.gz	Kirk_D59-2.fq.gz	short	FALSE	FALSE	TRUE	TRUE
D59	KFRAG_01582_AVT0014_lane2	Kirk_D59_lane2-1.fq.gz	Kirk_D59_lane2-2.fq.gz	short	FALSE	FALSE	TRUE	TRUE
D59	KFRAG_01582_AVT0019_lane1	D59-1.fq.gz	D59-2.fq.gz	short	FALSE	FALSE	TRUE	TRUE
IPK_Urgenta	KFRAG_01579_AVT0014_lane1	IPK_Urgenta-1.fq.gz	IPK_Urgenta-2.fq.gz	short	TRUE	FALSE	TRUE	TRUE
IPK_Urgenta	KFRAG_01579_AVT0014_lane2	IPK_Urgenta_lane2-1.fq.gz	IPK_Urgenta_lane2-2.fq.gz	short	TRUE	FALSE	TRUE	TRUE
MF_104	MFRAG_00032H	MFRAG_00032H-1.fq.gz	MFRAG_00032H-2.fq.gz	short	FALSE	FALSE	TRUE	TRUE
MF_104	MFRAG_00032H_b	MFRAG_00032H_b-1.fq.gz	MFRAG_00032H_b-2.fq.gz	short	FALSE	FALSE	TRUE	TRUE
MF_105	CSFP200003979_L1	MF105_B1_CSFP200003979-1a_H5MWFDSXY_L1_1.fq.gz	MF105_B1_CSFP200003979-1a_H5MWFDSXY_L1_2.fq.gz	short	FALSE	FALSE	TRUE	TRUE
MF_105	CSFP200003979_L2	MF105_B1_CSFP200003979-1a_H552FDSXY_L2_1.fq.gz	MF105_B1_CSFP200003979-1a_H552FDSXY_L2_2.fq.gz	short	FALSE	FALSE	TRUE	TRUE
MF_105	CSFP210001503_HY5JKDSXY_L1	MF_105_C_CSFP210001503-1a_HY5JKDSXY_L1_1.fq.gz	MF_105_C_CSFP210001503-1a_HY5JKDSXY_L1_2.fq.gz	short	FALSE	FALSE	TRUE	TRUE
MF_105	CSFP210001503_HY5KHDSXY_L1	MF_105_C_CSFP210001503-1a_HY5KHDSXY_L1_1.fq.gz	MF_105_C_CSFP210001503-1a_HY5KHDSXY_L1_2.fq.gz	short	FALSE	FALSE	TRUE	TRUE
MF_11	CSFP200003973_L1	MF11_B1_CSFP200003973-1a_H5ML2DSXY_L1_1.fq.gz	MF11_B1_CSFP200003973-1a_H5ML2DSXY_L1_2.fq.gz	short	FALSE	FALSE	TRUE	TRUE
MF_11	CSFP200003973_L2	MF11_B1_CSFP200003973-1a_H552FDSXY_L2_1.fq.gz	MF11_B1_CSFP200003973-1a_H552FDSXY_L2_2.fq.gz	short	FALSE	FALSE	TRUE	TRUE
MF_113_1	MFRAG_00019H	MFRAG_00019H-1.fq.gz	MFRAG_00019H-2.fq.gz	short	FALSE	FALSE	TRUE	TRUE
MF_113_1	MFRAG_00019H_b	MFRAG_00019H_b-1.fq.gz	MFRAG_00019H_b-2.fq.gz	short	FALSE	FALSE	TRUE	TRUE
MF_43	CSFP200003974_L1	MF43_B3_CSFP200003974-1a_H5ML2DSXY_L1_1.fq.gz	MF43_B3_CSFP200003974-1a_H5ML2DSXY_L1_2.fq.gz	short	FALSE	FALSE	TRUE	TRUE
MF_43	CSFP200003974_L2	MF43_B3_CSFP200003974-1a_H552FDSXY_L2_1.fq.gz	MF43_B3_CSFP200003974-1a_H552FDSXY_L2_2.fq.gz	short	FALSE	FALSE	TRUE	TRUE
MF_43	CSFP210001498_HY5JKDSXY_L1	MF_43_C_CSFP210001498-1a_HY5JKDSXY_L1_1.fq.gz	MF_43_C_CSFP210001498-1a_HY5JKDSXY_L1_2.fq.gz	short	FALSE	FALSE	TRUE	TRUE
MF_43	CSFP210001498_HY5KHDSXY_L1	MF_43_C_CSFP210001498-1a_HY5KHDSXY_L1_1.fq.gz	MF_43_C_CSFP210001498-1a_HY5KHDSXY_L1_2.fq.gz	short	FALSE	FALSE	TRUE	TRUE
MF_43_3	MFRAG_00027H	MFRAG_00027H-1.fq.gz	MFRAG_00027H-2.fq.gz	short	FALSE	FALSE	TRUE	TRUE
MF_43_3	MFRAG_00027H_b	MFRAG_00027H_b-1.fq.gz	MFRAG_00027H_b-2.fq.gz	short	FALSE	FALSE	TRUE	TRUE
MF_63_2	MFRAG_00039H	MFRAG_00039H-1.fq.gz	MFRAG_00039H-2.fq.gz	short	FALSE	FALSE	TRUE	TRUE
MF_63_2	MFRAG_00039H_b	MFRAG_00039H_b-1.fq.gz	MFRAG_00039H_b-2.fq.gz	short	FALSE	FALSE	TRUE	TRUE
MF_63_B2	CSFP200003975	MF63_B2_CSFP200003975-1a_H5NVTDSXY_L1_1.fq.gz	MF63_B2_CSFP200003975-1a_H5NVTDSXY_L1_2.fq.gz	short	FALSE	FALSE	TRUE	TRUE
MF_74_2	MFRAG_00040H	MFRAG_00040H-1.fq.gz	MFRAG_00040H-2.fq.gz	short	FALSE	FALSE	TRUE	TRUE
MF_74_2	MFRAG_00040H_b	MFRAG_00040H_b-1.fq.gz	MFRAG_00040H_b-2.fq.gz	short	FALSE	FALSE	TRUE	TRUE
MF_75	CSFP210001499_HY5KJDSXY_L1	MF_75_C_CSFP210001499-1a_HY5KJDSXY_L1_1.fq.gz	MF_75_C_CSFP210001499-1a_HY5KJDSXY_L1_2.fq.gz	short	FALSE	FALSE	TRUE	TRUE
MF_75	CSFP210001499_Y5JKDSXY_L1	MF_75_C_CSFP210001499-1a_HY5JKDSXY_L1_1.fq.gz	MF_75_C_CSFP210001499-1a_HY5JKDSXY_L1_2.fq.gz	short	FALSE	FALSE	TRUE	TRUE
MF_83	CSFP200003976_L1	MF83_B1_CSFP200003976-1a_H5ML2DSXY_L1_1.fq.gz	MF83_B1_CSFP200003976-1a_H5ML2DSXY_L1_2.fq.gz	short	FALSE	FALSE	TRUE	TRUE
MF_83	CSFP200003976_L2	MF83_B1_CSFP200003976-1a_H552FDSXY_L2_1.fq.gz	MF83_B1_CSFP200003976-1a_H552FDSXY_L2_2.fq.gz	short	FALSE	FALSE	TRUE	TRUE
MF_83	MFRAG_00023H	MFRAG_00023H-1.fq.gz	MFRAG_00023H-2.fq.gz	short	FALSE	FALSE	TRUE	TRUE
MF_83	MFRAG_00023H_b	MFRAG_00023H_b-1.fq.gz	MFRAG_00023H_b-2.fq.gz	short	FALSE	FALSE	TRUE	TRUE
MF_84	CSFP200003977_L1	MF84_B1_CSFP200003977-1a_H5ML2DSXY_L1_1.fq.gz	MF84_B1_CSFP200003977-1a_H5ML2DSXY_L1_2.fq.gz	short	FALSE	FALSE	TRUE	TRUE
MF_84	CSFP200003977_L2	MF84_B1_CSFP200003977-1a_H552FDSXY_L2_1.fq.gz	MF84_B1_CSFP200003977-1a_H552FDSXY_L2_2.fq.gz	short	FALSE	FALSE	TRUE	TRUE
MF_84	MFRAG_00003H	MFRAG_00003H-1.fq.gz	MFRAG_00003H-2.fq.gz	short	FALSE	FALSE	TRUE	TRUE
MF_84	MFRAG_00003H_b	MFRAG_00003H_b-1.fq.gz	MFRAG_00003H_b-2.fq.gz	short	FALSE	FALSE	TRUE	TRUE
MF_86	CSFP210001500_HY5JKDSXY_L1	MF_86_C_CSFP210001500-1a_HY5JKDSXY_L1_1.fq.gz	MF_86_C_CSFP210001500-1a_HY5JKDSXY_L1_2.fq.gz	short	FALSE	FALSE	TRUE	TRUE
MF_86	CSFP210001500_HY5KHDSXY_L1	MF_86_C_CSFP210001500-1a_HY5KHDSXY_L1_1.fq.gz	MF_86_C_CSFP210001500-1a_HY5KHDSXY_L1_2.fq.gz	short	FALSE	FALSE	TRUE	TRUE
MF_86_1	MFRAG_00021H	MFRAG_00021H-1.fq.gz	MFRAG_00021H-2.fq.gz	short	FALSE	FALSE	TRUE	TRUE
MF_86_1	MFRAG_00021H_b	MFRAG_00021H_b-1.fq.gz	MFRAG_00021H_b-2.fq.gz	short	FALSE	FALSE	TRUE	TRUE
MF_86_B2	CSFP200003978	MF86_B2_CSFP200003978-1a_H5NVTDSXY_L1_1.fq.gz	MF86_B2_CSFP200003978-1a_H5NVTDSXY_L1_2.fq.gz	short	FALSE	FALSE	TRUE	TRUE
MF_93	CSFP210001501_HY5JKDSXY_L1	MF_93_C_CSFP210001501-1a_HY5JKDSXY_L1_1.fq.gz	MF_93_C_CSFP210001501-1a_HY5JKDSXY_L1_2.fq.gz	short	FALSE	FALSE	TRUE	TRUE
MF_93	CSFP210001501_HY5KHDSXY_L1	MF_93_C_CSFP210001501-1a_HY5KHDSXY_L1_1.fq.gz	MF_93_C_CSFP210001501-1a_HY5KHDSXY_L1_2.fq.gz	short	FALSE	FALSE	TRUE	TRUE
MF_93	MFRAG_00015H	MFRAG_00015H-1.fq.gz	MFRAG_00015H-2.fq.gz	short	FALSE	FALSE	TRUE	TRUE
MF_93	MFRAG_00015H_b	MFRAG_00015H_b-1.fq.gz	MFRAG_00015H_b-2.fq.gz	short	FALSE	FALSE	TRUE	TRUE
MF_98	MFRAG_00026H	MFRAG_00026H-1.fq.gz	MFRAG_00026H-2.fq.gz	short	FALSE	FALSE	TRUE	TRUE
MF_98	MFRAG_00026H_b	MFRAG_00026H_b-1.fq.gz	MFRAG_00026H_b-2.fq.gz	short	FALSE	FALSE	TRUE	TRUE
PI310467	CSFP210001502_HY5JKDSXY_L1_1	U_DES_C_CSFP210001502-1a_HY5JKDSXY_L1_1.fq.gz	U_DES_C_CSFP210001502-1a_HY5JKDSXY_L1_2.fq.gz	short	TRUE	FALSE	TRUE	TRUE
PI310467	CSFP210001502_HY5KHDSXY_L1_1	U_DES_C_CSFP210001502-1a_HY5KHDSXY_L1_1.fq.gz	U_DES_C_CSFP210001502-1a_HY5KHDSXY_L1_2.fq.gz	short	TRUE	FALSE	TRUE	TRUE
PI310467	FRAG_01473	FRAG01473_S39_L003_1.fastq.gz	FRAG01473_S39_L003_2.fastq.gz	short	TRUE	FALSE	TRUE	TRUE
PI310467	KFRAG_00469	KFRAG_00469_1.fastq.gz	KFRAG_00469_2.fastq.gz	short	TRUE	FALSE	TRUE	TRUE
PI310467	m64069_211118_031642	m64069_211118_031642.hifi_reads.fastq.gz	NaN	long	TRUE	FALSE	TRUE	TRUE
PI310467	m64069_211125_193709	m64069_211125_193709.hifi_reads.fastq.gz	NaN	long	TRUE	FALSE	TRUE	TRUE
PI310467	m84066_230512_192902	m84066_230512_192902_s4.hifi_reads.default.bam	NaN	long	TRUE	FALSE	TRUE	TRUE
PI310467_root	KFRAG_01585_AVT0019_lane1	RP_root-1.fq.gz	RP_root-2.fq.gz	short	TRUE	FALSE	TRUE	TRUE
RP_TRICOLI	KFRAG_01519_A00953:535:HTK2MDSX3:4	TRICOLI_DES_A00953:535:HTK2MDSX3:4-1.fq.gz	TRICOLI_DES_A00953:535:HTK2MDSX3:4-2.fq.gz	short	FALSE	FALSE	TRUE	TRUE
RP_TRICOLI	KFRAG_01519_A00953:538:HTHK7DSX3:4	TRICOLI_DES_A00953:538:HTHK7DSX3:4-1.fq.gz	TRICOLI_DES_A00953:538:HTHK7DSX3:4-2.fq.gz	short	FALSE	FALSE	TRUE	TRUE
RP_TRICOLI	KFRAG_01519_A01535:134:H2FMGDSX5:3	TRICOLI_DES_A01535:134:H2FMGDSX5:3-1.fq.gz	TRICOLI_DES_A01535:134:H2FMGDSX5:3-2.fq.gz	short	FALSE	FALSE	TRUE	TRUE
URGENTA	KFRAG_01520_A00953:535:HTK2MDSX3:4	URGENTA_A00953:535:HTK2MDSX3:4-1.fq.gz	URGENTA_A00953:535:HTK2MDSX3:4-2.fq.gz	short	TRUE	FALSE	TRUE	TRUE
URGENTA	KFRAG_01520_A00953:538:HTHK7DSX3:4	URGENTA_A00953:538:HTHK7DSX3:4-1.fq.gz	URGENTA_A00953:538:HTHK7DSX3:4-2.fq.gz	short	TRUE	FALSE	TRUE	TRUE
URGENTA	KFRAG_01520_A01535:134:H2FMGDSX5:3	URGENTA_A01535:134:H2FMGDSX5:3-1.fq.gz	URGENTA_A01535:134:H2FMGDSX5:3-2.fq.gz	short	TRUE	FALSE	TRUE	TRUE
URGENTA	KFRAG_01586_AVT0038_lane1	KFRAG_01586-1.fq.gz	KFRAG_01586-2.fq.gz	short	TRUE	FALSE	TRUE	TRUE
URGENTA	KFRAG_01586_AVT0038_lane2	KFRAG_01586_run1-1.fq.gz	KFRAG_01586_run1-2.fq.gz	short	TRUE	FALSE	TRUE	TRUE
URGENTA	KFRAG_01586_AVT0038_lane3	KFRAG_01586_run2-1.fq.gz	KFRAG_01586_run2-2.fq.gz	short	TRUE	FALSE	TRUE	TRUE
